keys,es,en,zh_CN,fr,ar,pt,ru,ja,ko,de,it,nl,hi,bn,ur
Jugar,Jugar,Play,开始游戏,Jouer,العب,Jogar,Играть,プレイ,플레이,Spielen,Gioca,Spelen,खेलें,খেলুন,کھیلیں
Tienda,Tienda,Shop,商店,Boutique,المتجر,Loja,Магазин,ショップ,상점,Laden,Negozio,Winkel,दुकान,দোকান,دکان
Habilidades,Habilidades,Skills,技能,Talents,المهارات,Talentos,Навыки,スキル,기술,Fähigkeiten,Abilità,Vaardigheden,कौशल,দক্ষতা,مہارتیں
Historia,Historia,Story,剧情,Histoire,القصة,História,История,ストーリー,이야기,Geschichte,Storia,Verhaal,कहानी,গল্প,کہانی
Ajustes,Ajustes,Settings,设置,Réglages,الإعدادات,Ajustes,Настройки,設定,설정,Einstellungen,Impostazioni,Instellingen,सेटिंग्स,সেটিংস,ترتیبات
Volver,Volver,Back,返回,Retour,رجوع,Voltar,Назад,戻る,뒤로,Zurück,Indietro,Terug,वापस,পিছনে,واپس
Menú,Menú,Menu,菜单,Menu,القائمة,Menu,Меню,メニュー,메뉴,Menü,Menu,Menu,मेन्यू,মেনু,مینو
Seguir,Seguir,Continue,继续,Continuer,متابعة,Continuar,Продолжить,つづける,계속,Weiter,Continua,Doorgaan,जारी रखें,চালিয়ে যান,جاری رکھیں
Otra vez,Otra vez,Try again,再试一次,Réessayer,حاول مجددا,Tentar de novo,Ещё раз,もう一度,다시 시도,Nochmal,Riprova,Opnieuw,फिर से,আবার চেষ্টা,دوبارہ کوشش
Cerrar,Cerrar,Close,关闭,Fermer,إغلاق,Fechar,Закрыть,閉じる,닫기,Schließen,Chiudi,Sluiten,बंद करें,বন্ধ,بند کریں
Volver al Menú,Volver al Menú,Back to Menu,返回菜单,Retour au menu,العودة للقائمة,Voltar ao menu,В меню,メニューへ,메뉴로,Zum Menü,Al menu,Naar menu,मेन्यू पर,মেনুতে,مینو پر
Volver al Mapa,Volver al Mapa,Back to Map,返回地图,Retour à la carte,العودة للخريطة,Voltar ao mapa,К карте,マップへ,지도로,Zur Karte,Alla mappa,Naar kaart,नक्शे पर,মানচিত্রে,نقشے پر
Volver al nivel,Volver al nivel,Back to level,返回关卡,Retour au niveau,العودة للمستوى,Voltar ao nível,К уровню,レベルへ,레벨로,Zum Level,Al livello,Naar level,स्तर पर,স্তরে,لیول پر
Mapa de Mundos,Mapa de Mundos,World Map,世界地图,Carte du monde,خريطة العالم,Mapa do mundo,Карта мира,ワールドマップ,월드 맵,Weltkarte,Mappa del mondo,Wereldkaart,विश्व मानचित्र,বিশ্ব মানচিত্র,دنیا کا نقشہ
Capítulo,Capítulo,Chapter,章节,Chapitre,الفصل,Capítulo,Глава,チャプター,챕터,Kapitel,Capitolo,Hoofdstuk,अध्याय,অধ্যায়,باب
Jefe,Jefe,Boss,首领,Boss,الزعيم,Chefe,Босс,ボス,보스,Boss,Boss,Baas,बॉस,বস,باس
VIDA JEFE,VIDA JEFE,BOSS HP,首领血量,PV DU BOSS,صحة الزعيم,VIDA DO CHEFE,ЗДОРОВЬЕ БОССА,ボスのHP,보스 체력,BOSS-LP,VITA BOSS,BAAS HP,बॉस HP,বস HP,باس ایچ پی
VIDA SOFÍA,VIDA SOFÍA,SOFÍA HP,索菲亚血量,PV DE SOFÍA,صحة صوفيا,VIDA DA SOFÍA,ЗДОРОВЬЕ СОФИИ,ソフィアのHP,소피아 체력,SOFÍA-LP,VITA SOFÍA,SOFÍA HP,सोफ़िया HP,সোফিয়া HP,صوفیا ایچ پی
Saltar ▸,Saltar ▸,Skip ▸,跳过 ▸,Passer ▸,تخطي ▸,Pular ▸,Пропустить ▸,スキップ ▸,건너뛰기 ▸,Überspringen ▸,Salta ▸,Overslaan ▸,छोड़ें ▸,এড়িয়ে যান ▸,چھوڑیں ▸
Armas,Armas,Weapons,武器,Armes,الأسلحة,Armas,Оружие,武器,무기,Waffen,Armi,Wapens,हथियार,অস্ত্র,ہتھیار
Objetos,Objetos,Items,道具,Objets,الأغراض,Itens,Предметы,アイテム,아이템,Gegenstände,Oggetti,Voorwerpen,वस्तुएं,জিনিস,اشیاء
Poderes,Poderes,Powers,技能道具,Pouvoirs,القدرات,Poderes,Способности,パワー,파워,Kräfte,Poteri,Krachten,शक्तियां,ক্ষমতা,طاقتیں
Equipar,Equipar,Equip,装备,Équiper,تجهيز,Equipar,Экипировать,装備する,장착,Ausrüsten,Equipaggia,Uitrusten,लैस करें,সজ্জিত করুন,لیس کریں
Equipado,Equipado,Equipped,已装备,Équipé,مجهز,Equipado,Экипировано,装備中,장착됨,Ausgerüstet,Equipaggiato,Uitgerust,लैस,সজ্জিত,لیس
Al máximo,Al máximo,Maxed out,已满级,Niveau max,الحد الأقصى,No máximo,Максимум,最大レベル,최대,Maximal,Al massimo,Maximaal,अधिकतम,সর্বোচ্চ,زیادہ سے زیادہ
Bloqueado,Bloqueado,Locked,已锁定,Verrouillé,مقفل,Bloqueado,Заблокировано,ロック中,잠김,Gesperrt,Bloccato,Vergrendeld,बंद,লক করা,مقفل
Completo,Completo,Complete,已完成,Terminé,مكتمل,Completo,Завершено,完了,완료,Fertig,Completo,Voltooid,पूर्ण,সম্পূর্ণ,مکمل
Sonido,Sonido,Sound,声音,Son,الصوت,Som,Звук,サウンド,소리,Ton,Audio,Geluid,ध्वनि,শব্দ,آواز
Texto,Texto,Text,文字,Texte,النص,Texto,Текст,テキスト,텍스트,Text,Testo,Tekst,पाठ,লেখা,متن
Idioma,Idioma,Language,语言,Langue,اللغة,Idioma,Язык,言語,언어,Sprache,Lingua,Taal,भाषा,ভাষা,زبان
General,General,Master,总音量,Général,العام,Geral,Общий,全体,전체,Gesamt,Generale,Algemeen,मुख्य,প্রধান,مجموعی
Música,Música,Music,音乐,Musique,الموسيقى,Música,Музыка,音楽,음악,Musik,Musica,Muziek,संगीत,সঙ্গীত,موسیقی
Efectos,Efectos,Effects,音效,Effets,المؤثرات,Efeitos,Эффекты,効果音,효과음,Effekte,Effetti,Effecten,प्रभाव,প্রভাব,اثرات
Chico,Chico,Small,小,Petit,صغير,Pequeno,Мелкий,小,작게,Klein,Piccolo,Klein,छोटा,ছোট,چھوٹا
Normal,Normal,Normal,中,Normal,عادي,Normal,Обычный,標準,보통,Normal,Normale,Normaal,सामान्य,স্বাভাবিক,عام
Grande,Grande,Large,大,Grand,كبير,Grande,Крупный,大,크게,Groß,Grande,Groot,बड़ा,বড়,بڑا
Enorme,Enorme,Huge,特大,Très grand,ضخم,Enorme,Огромный,特大,아주 크게,Sehr groß,Enorme,Zeer groot,बहुत बड़ा,অনেক বড়,بہت بڑا
Volver a los valores de fábrica,Volver a los valores de fábrica,Reset to defaults,恢复默认设置,Réinitialiser,إعادة الضبط,Restaurar padrões,Сбросить настройки,初期設定に戻す,기본값으로 초기화,Zurücksetzen,Ripristina i valori,Standaard herstellen,डिफ़ॉल्ट पर लौटें,ডিফল্টে ফিরুন,ڈیفالٹ پر واپس
Guantes de Trabajo,Guantes de Trabajo,Work Gloves,工作手套,Gants de travail,قفازات العمل,Luvas de trabalho,Рабочие перчатки,作業用手袋,작업 장갑,Arbeitshandschuhe,Guanti da lavoro,Werkhandschoenen,काम के दस्ताने,কাজের দস্তানা,کام کے دستانے
Botiquín de la Abuela,Botiquín de la Abuela,Grandma's First Aid Kit,奶奶的急救箱,Trousse de secours de mamie,حقيبة إسعاف الجدة,Kit da vovó,Аптечка бабушки,おばあちゃんの救急箱,할머니의 구급상자,Omas Erste-Hilfe-Kasten,Kit di nonna,Oma's EHBO-doos,दादी की प्राथमिक चिकित्सा,দাদির প্রাথমিক চিকিৎসা,دادی کی ابتدائی طبی امداد
Delantal Reforzado,Delantal Reforzado,Reinforced Apron,加固围裙,Tablier renforcé,مريلة معززة,Avental reforçado,Усиленный фартук,強化エプロン,보강된 앞치마,Verstärkte Schürze,Grembiule rinforzato,Versterkt schort,मजबूत एप्रन,শক্ত অ্যাপ্রন,مضبوط تہبند
Repelente Casero,Repelente Casero,Homemade Repellent,自制驱虫剂,Répulsif maison,طارد حشرات منزلي,Repelente caseiro,Самодельный репеллент,手作り虫除け,수제 방충제,Hausgemachtes Mittel,Repellente fatto in casa,Zelfgemaakt afweermiddel,घरेलू विकर्षक,ঘরোয়া প্রতিরোধক,گھریلو دافع
Trébol de la Suerte,Trébol de la Suerte,Lucky Clover,幸运四叶草,Trèfle porte-bonheur,برسيم الحظ,Trevo da sorte,Клевер удачи,幸運のクローバー,행운의 클로버,Glücksklee,Trifoglio portafortuna,Geluksklavertje,भाग्यशाली तिपतिया,ভাগ্যের ক্লোভার,خوش قسمت شبدر
Frasco de Monedas,Frasco de Monedas,Coin Jar,硬币罐,Bocal à pièces,جرة العملات,Pote de moedas,Банка с монетами,コインの瓶,동전 항아리,Münzglas,Barattolo di monete,Muntenpot,सिक्कों का जार,মুদ্রার বয়াম,سکوں کا مرتبان
Reloj de Arena,Reloj de Arena,Hourglass,沙漏,Sablier,الساعة الرملية,Ampulheta,Песочные часы,砂時計,모래시계,Sanduhr,Clessidra,Zandloper,रेत घड़ी,বালিঘড়ি,ریت گھڑی
Lupa del Abuelo,Lupa del Abuelo,Grandpa's Magnifier,爷爷的放大镜,Loupe de papi,عدسة الجد,Lupa do vovô,Лупа дедушки,おじいちゃんの虫眼鏡,할아버지의 돋보기,Opas Lupe,Lente del nonno,Opa's vergrootglas,दादा का लेंस,দাদুর ম্যাগনিফায়ার,دادا کا عدسہ
Reloj de Bolsillo,Reloj de Bolsillo,Pocket Watch,怀表,Montre à gousset,ساعة الجيب,Relógio de bolso,Карманные часы,懐中時計,회중시계,Taschenuhr,Orologio da tasca,Zakhorloge,जेब घड़ी,পকেট ঘড়ি,جیبی گھڑی
Campo Expansivo,Campo Expansivo,Expanding Field,扩散力场,Champ expansif,حقل التوسع,Campo expansivo,Расширяющееся поле,拡張フィールド,확장 필드,Ausdehnendes Feld,Campo espansivo,Uitdijend veld,विस्तारित क्षेत्र,প্রসারিত ক্ষেত্র,پھیلتا میدان
Tormenta de Rayos,Tormenta de Rayos,Lightning Storm,闪电风暴,Orage de foudre,عاصفة البرق,Tempestade de raios,Гроза,雷の嵐,번개 폭풍,Blitzsturm,Tempesta di fulmini,Bliksemstorm,बिजली का तूफान,বজ্রঝড়,بجلی کا طوفان
Lanzallamas de la Abuela,Lanzallamas de la Abuela,Grandma's Flamethrower,奶奶的喷火器,Lance-flammes de mamie,قاذف لهب الجدة,Lança-chamas da vovó,Огнемёт бабушки,おばあちゃんの火炎放射器,할머니의 화염방사기,Omas Flammenwerfer,Lanciafiamme di nonna,Oma's vlammenwerper,दादी का फ्लेमथ्रोअर,দাদির অগ্নিনিক্ষেপক,دادی کا شعلہ پھینک
Botas de Goma,Botas de Goma,Rubber Boots,橡胶靴,Bottes en caoutchouc,أحذية مطاطية,Botas de borracha,Резиновые сапоги,ゴム長靴,고무 장화,Gummistiefel,Stivali di gomma,Rubberlaarzen,रबर के जूते,রাবার বুট,ربڑ کے جوتے
Zapato Viejo,Zapato Viejo,Old Shoe,旧鞋子,Vieille chaussure,حذاء قديم,Sapato velho,Старый ботинок,古い靴,낡은 신발,Alter Schuh,Scarpa vecchia,Oude schoen,पुराना जूता,পুরনো জুতা,پرانا جوتا
Chancla de Goma,Chancla de Goma,Rubber Flip-Flop,橡胶拖鞋,Tong en caoutchouc,شبشب مطاطي,Chinelo de borracha,Резиновый шлёпанец,ゴムサンダル,고무 슬리퍼,Gummi-Flipflop,Infradito di gomma,Rubberen slipper,रबर की चप्पल,রাবার স্যান্ডেল,ربڑ کی چپل
Matamoscas Metálico,Matamoscas Metálico,Metal Flyswatter,金属苍蝇拍,Tapette métallique,مضرب ذباب معدني,Mata-moscas de metal,Металлическая мухобойка,金属のハエたたき,금속 파리채,Metall-Fliegenklatsche,Scacciamosche di metallo,Metalen vliegenmepper,धातु मक्खी मारक,ধাতব মাছি মারার,دھاتی مکھی مار
Sartén de Hierro,Sartén de Hierro,Iron Frying Pan,铁煎锅,Poêle en fonte,مقلاة حديدية,Frigideira de ferro,Чугунная сковорода,鉄のフライパン,무쇠 프라이팬,Eisenpfanne,Padella di ferro,IJzeren koekenpan,लोहे का तवा,লোহার কড়াই,لوہے کا توا
Pala Electrificada,Pala Electrificada,Electrified Shovel,电击铁锹,Pelle électrifiée,مجرفة مكهربة,Pá eletrificada,Электрическая лопата,電撃シャベル,전기 삽,Elektroschaufel,Pala elettrificata,Geëlektrificeerde schop,बिजली वाला फावड़ा,বৈদ্যুতিক বেলচা,بجلی والا بیلچہ
Fuerza,Fuerza,Strength,力量,Force,القوة,Força,Сила,力,힘,Stärke,Forza,Kracht,शक्ति,শক্তি,طاقت
Fortuna,Fortuna,Fortune,财运,Fortune,الحظ,Sorte,Удача,幸運,행운,Glück,Fortuna,Fortuin,भाग्य,ভাগ্য,قسمت
Precisión,Precisión,Precision,精准,Précision,الدقة,Precisão,Точность,精度,정밀,Präzision,Precisione,Precisie,सटीकता,নির্ভুলতা,درستگی
Elegí tu idioma,Elegí tu idioma,Choose your language,选择你的语言,Choisis ta langue,اختر لغتك,Escolha seu idioma,Выберите язык,言語を選んでください,언어를 선택하세요,Wähle deine Sprache,Scegli la lingua,Kies je taal,अपनी भाषा चुनें,আপনার ভাষা বাছুন,اپنی زبان منتخب کریں
Se puede cambiar después en Ajustes.,Se puede cambiar después en Ajustes.,You can change it later in Settings.,以后可以在设置中更改。,Tu peux la changer plus tard dans les réglages.,يمكنك تغييرها لاحقا من الإعدادات.,Você pode mudar depois nos ajustes.,Это можно изменить позже в настройках.,あとで設定から変更できます。,나중에 설정에서 바꿀 수 있습니다.,Du kannst sie später in den Einstellungen ändern.,Puoi cambiarla dopo nelle impostazioni.,Je kunt dit later wijzigen bij instellingen.,आप इसे बाद में सेटिंग्स में बदल सकते हैं।,আপনি পরে সেটিংসে বদলাতে পারবেন।,آپ اسے بعد میں ترتیبات میں بدل سکتے ہیں۔
La historia todavía está solo en español.,La historia todavía está solo en español.,The story is still Spanish only.,剧情目前仅有西班牙语。,L'histoire est encore uniquement en espagnol.,القصة لا تزال بالإسبانية فقط.,A história ainda está só em espanhol.,История пока только на испанском.,ストーリーはまだスペイン語のみです。,이야기는 아직 스페인어만 지원합니다.,Die Geschichte ist noch nur auf Spanisch.,La storia è ancora solo in spagnolo.,Het verhaal is nog alleen in het Spaans.,कहानी अभी केवल स्पेनिश में है।,গল্প এখনও শুধু স্প্যানিশে।,کہانی ابھی صرف ہسپانوی میں ہے۔
Nivel %d / 1000,Nivel %d / 1000,Level %d / 1000,关卡 %d / 1000,Niveau %d / 1000,المستوى %d / 1000,Nível %d / 1000,Уровень %d / 1000,レベル %d / 1000,레벨 %d / 1000,Level %d / 1000,Livello %d / 1000,Level %d / 1000,स्तर %d / 1000,স্তর %d / 1000,لیول %d / 1000
Incógnitos: %d / 100,Incógnitos: %d / 100,Mystery bugs: %d / 100,神秘虫: %d / 100,Insectes mystère : %d / 100,حشرات غامضة: %d / 100,Insetos misteriosos: %d / 100,Загадочные: %d / 100,ナゾの虫: %d / 100,수수께끼 벌레: %d / 100,Rätselinsekten: %d / 100,Insetti misteriosi: %d / 100,Mysteriebeestjes: %d / 100,रहस्यमय कीड़े: %d / 100,রহস্যময় পোকা: %d / 100,پراسرار کیڑے: %d / 100
Próxima vida en %02d:%02d,Próxima vida en %02d:%02d,Next life in %02d:%02d,下一条命 %02d:%02d,Prochaine vie dans %02d:%02d,الحياة التالية بعد %02d:%02d,Próxima vida em %02d:%02d,Следующая жизнь через %02d:%02d,次のライフまで %02d:%02d,다음 생명까지 %02d:%02d,Nächstes Leben in %02d:%02d,Prossima vita tra %02d:%02d,Volgend leven over %02d:%02d,अगली ज़िंदगी %02d:%02d में,পরের জীবন %02d:%02d এ,اگلی زندگی %02d:%02d میں
Llenar vidas por %d,Llenar vidas por %d,Refill lives for %d,补满生命 %d,Recharger pour %d,املأ الأرواح مقابل %d,Encher vidas por %d,Пополнить за %d,ライフ回復 %d,생명 채우기 %d,Leben auffüllen für %d,Ricarica vite per %d,Levens bijvullen voor %d,%d में जीवन भरें,%d এ জীবন পূরণ,%d میں زندگیاں بھریں
Nivel %d · %s,Nivel %d · %s,Level %d · %s,关卡 %d · %s,Niveau %d · %s,المستوى %d · %s,Nível %d · %s,Уровень %d · %s,レベル %d · %s,레벨 %d · %s,Level %d · %s,Livello %d · %s,Level %d · %s,स्तर %d · %s,স্তর %d · %s,لیول %d · %s
Combo x%d,Combo x%d,Combo x%d,连击 x%d,Combo x%d,تسلسل x%d,Combo x%d,Комбо x%d,コンボ x%d,콤보 x%d,Combo x%d,Combo x%d,Combo x%d,कॉम्बो x%d,কম্বো x%d,کومبو x%d
Daño %d · Radio %d,Daño %d · Radio %d,Damage %d · Radius %d,伤害 %d · 范围 %d,Dégâts %d · Rayon %d,الضرر %d · النطاق %d,Dano %d · Raio %d,Урон %d · Радиус %d,ダメージ %d · 範囲 %d,공격력 %d · 범위 %d,Schaden %d · Radius %d,Danno %d · Raggio %d,Schade %d · Bereik %d,क्षति %d · दायरा %d,ক্ষতি %d · ব্যাসার্ধ %d,نقصان %d · دائرہ %d
Mejorar · %d,Mejorar · %d,Upgrade · %d,升级 · %d,Améliorer · %d,ترقية · %d,Melhorar · %d,Улучшить · %d,強化 · %d,강화 · %d,Verbessern · %d,Potenzia · %d,Verbeteren · %d,अपग्रेड · %d,আপগ্রেড · %d,اپ گریڈ · %d
Nivel %d/%d,Nivel %d/%d,Level %d/%d,等级 %d/%d,Niveau %d/%d,المستوى %d/%d,Nível %d/%d,Уровень %d/%d,レベル %d/%d,레벨 %d/%d,Stufe %d/%d,Livello %d/%d,Niveau %d/%d,स्तर %d/%d,স্তর %d/%d,لیول %d/%d
Capítulo %d,Capítulo %d,Chapter %d,第 %d 章,Chapitre %d,الفصل %d,Capítulo %d,Глава %d,第%d章,%d장,Kapitel %d,Capitolo %d,Hoofdstuk %d,अध्याय %d,অধ্যায় %d,باب %d
Racha más Larga: x%d,Racha más Larga: x%d,Longest Streak: x%d,最长连击: x%d,Meilleure série : x%d,أطول سلسلة: x%d,Maior sequência: x%d,Лучшая серия: x%d,最長コンボ: x%d,최장 연속: x%d,Längste Serie: x%d,Serie più lunga: x%d,Langste reeks: x%d,सबसे लंबी लड़ी: x%d,দীর্ঘতম ধারা: x%d,سب سے لمبی لڑی: x%d
Recompensa: %s Monedas,Recompensa: %s Monedas,Reward: %s Coins,奖励: %s 金币,Récompense : %s pièces,المكافأة: %s عملة,Recompensa: %s moedas,Награда: %s монет,報酬: %s コイン,보상: %s 코인,Belohnung: %s Münzen,Ricompensa: %s monete,Beloning: %s munten,इनाम: %s सिक्के,পুরস্কার: %s কয়েন,انعام: %s سکے
Vidas: %d,Vidas: %d,Lives: %d,生命: %d,Vies : %d,الأرواح: %d,Vidas: %d,Жизни: %d,ライフ: %d,생명: %d,Leben: %d,Vite: %d,Levens: %d,जीवन: %d,জীবন: %d,زندگیاں: %d
Sin vidas,Sin vidas,No lives,没有生命,Plus de vies,لا أرواح,Sem vidas,Нет жизней,ライフなし,생명 없음,Keine Leben,Nessuna vita,Geen levens,कोई जीवन नहीं,জীবন নেই,کوئی زندگی نہیں
¡COMBO PERFECTO!,¡COMBO PERFECTO!,PERFECT COMBO!,完美连击!,COMBO PARFAIT !,تسلسل مثالي!,COMBO PERFEITO!,ИДЕАЛЬНОЕ КОМБО!,パーフェクトコンボ!,퍼펙트 콤보!,PERFEKTES COMBO!,COMBO PERFETTA!,PERFECTE COMBO!,परफेक्ट कॉम्बो!,পারফেক্ট কম্বো!,پرفیکٹ کومبو!
¡BUENA RACHA!,¡BUENA RACHA!,GREAT STREAK!,连击不错!,BELLE SÉRIE !,سلسلة رائعة!,BOA SEQUÊNCIA!,ОТЛИЧНАЯ СЕРИЯ!,いい調子!,좋은 연속!,TOLLE SERIE!,BELLA SERIE!,GOEDE REEKS!,बढ़िया लड़ी!,দারুণ ধারা!,زبردست لڑی!
%d / %d niveles,%d / %d niveles,%d / %d levels,%d / %d 关,%d / %d niveaux,%d / %d مستوى,%d / %d níveis,%d / %d уровней,%d / %d レベル,%d / %d 레벨,%d / %d Level,%d / %d livelli,%d / %d levels,%d / %d स्तर,%d / %d স্তর,%d / %d لیول
Los de calavera son jefes,Los de calavera son jefes,Skull tiles are bosses,骷髅关卡是首领战,Les crânes sont des boss,خانات الجمجمة زعماء,Os de caveira são chefes,Черепа — это боссы,ドクロはボス戦,해골은 보스전,Totenköpfe sind Bosse,I teschi sono boss,Schedels zijn bazen,खोपड़ी वाले बॉस हैं,খুলিগুলো বস,کھوپڑی والے باس ہیں
"Sin vidas. Regeneran solas, o recargalas en el menú.","Sin vidas. Regeneran solas, o recargalas en el menú.","No lives. They refill on their own, or recharge them in the menu.",没有生命了。会自动恢复，也可以在菜单里补满。,"Plus de vies. Elles reviennent seules, ou recharge-les au menu.",لا توجد أرواح. تتجدد وحدها أو أعد شحنها من القائمة.,"Sem vidas. Elas voltam sozinhas, ou recarregue no menu.","Жизней нет. Они восстановятся сами, или пополните их в меню.",ライフ切れ。時間で回復するか、メニューで補充できます。,생명이 없습니다. 시간이 지나면 회복되거나 메뉴에서 채울 수 있습니다.,"Keine Leben. Sie füllen sich von selbst, oder lade sie im Menü auf.","Nessuna vita. Si ricaricano da sole, o ricaricale dal menu.","Geen levens. Ze vullen zich vanzelf, of vul ze bij in het menu.","कोई जीवन नहीं। ये अपने आप भर जाते हैं, या मेन्यू से भरें।","জীবন নেই। নিজে থেকেই ফিরে আসে, বা মেনু থেকে পূরণ করুন।",کوئی زندگی نہیں۔ خود بھر جاتی ہیں، یا مینو سے بھریں۔
Sacudite y volvé a entrar.,Sacudite y volvé a entrar.,Shake it off and jump back in.,振作起来，再来一次。,Secoue-toi et reviens.,انفض عنك وعد مجددا.,Sacuda a poeira e volte.,Соберись и попробуй снова.,気を取り直してもう一度。,털어내고 다시 도전하세요.,Kopf hoch und nochmal rein.,Scrollati di dosso e riprova.,Schud het van je af en ga terug.,झाड़ो और फिर से आओ।,ঝেড়ে ফেলে আবার নামুন।,جھاڑ کر دوبارہ آئیں۔
Pasá por la tienda si querés mejorar algo.,Pasá por la tienda si querés mejorar algo.,Stop by the shop if you want an upgrade.,想升级的话去商店看看。,Passe à la boutique pour améliorer.,مر بالمتجر إن أردت ترقية.,Passe na loja se quiser melhorar algo.,"Загляни в магазин, если хочешь улучшение.",強化したいならショップへ。,강화하려면 상점에 들르세요.,Schau im Laden vorbei für ein Upgrade.,Passa dal negozio per potenziare.,Ga langs de winkel voor een upgrade.,अपग्रेड चाहिए तो दुकान देखें।,আপগ্রেড চাইলে দোকানে যান।,اپ گریڈ چاہیے تو دکان دیکھیں۔
Te quedaste sin vidas.,Te quedaste sin vidas.,You're out of lives.,你没有生命了。,Tu n'as plus de vies.,نفدت أرواحك.,Você ficou sem vidas.,У тебя закончились жизни.,ライフがなくなりました。,생명이 다 떨어졌습니다.,Dir sind die Leben ausgegangen.,Hai finito le vite.,Je levens zijn op.,आपके जीवन खत्म हो गए।,আপনার জীবন শেষ।,آپ کی زندگیاں ختم ہو گئیں۔
"Regeneran solas, o las recargás en el menú.","Regeneran solas, o las recargás en el menú.","They refill on their own, or recharge them in the menu.",会自动恢复，也可以在菜单里补满。,"Elles reviennent seules, ou recharge-les au menu.",تتجدد وحدها أو أعد شحنها من القائمة.,"Elas voltam sozinhas, ou recarregue no menu.","Они восстановятся сами, или пополните их в меню.",時間で回復するか、メニューで補充できます。,시간이 지나면 회복되거나 메뉴에서 채울 수 있습니다.,"Sie füllen sich von selbst, oder lade sie im Menü auf.","Si ricaricano da sole, o ricaricale dal menu.","Ze vullen zich vanzelf, of vul ze bij in het menu.","ये अपने आप भर जाते हैं, या मेन्यू से भरें।","নিজে থেকেই ফিরে আসে, বা মেনু থেকে পূরণ করুন।",خود بھر جاتی ہیں، یا مینو سے بھریں۔
Modo Extremo,Modo Extremo,Extreme Mode,极限模式,Mode Extrême,الوضع القاسي,Modo Extremo,Экстрим-режим,エクストリームモード,익스트림 모드,Extremmodus,Modalità Estrema,Extreme Modus,चरम मोड,চরম মোড,انتہائی موڈ
Se abre en el nivel 100,Se abre en el nivel 100,Unlocks at level 100,通关100关后解锁,Débloqué au niveau 100,يُفتح في المستوى 100,Liberado no nível 100,Открывается на 100 уровне,レベル100で解放,레벨 100에서 해금,Ab Level 100 verfügbar,Si sblocca al livello 100,Vanaf level 100,लेवल 100 पर खुलता है,লেভেল ১০০-তে খোলে,لیول 100 پر کھلتا ہے
Extremo,Extremo,Extreme,极限,Extrême,قاسي,Extremo,Экстрим,エクストリーム,익스트림,Extrem,Estremo,Extreem,चरम,চরম,انتہائی
Regalo diario,Regalo diario,Daily gift,每日礼物,Cadeau du jour,الهدية اليومية,Presente diário,Ежедневный подарок,デイリーギフト,일일 선물,Tagesgeschenk,Regalo giornaliero,Dagelijks cadeau,रोज़ का तोहफ़ा,দৈনিক উপহার,روزانہ تحفہ
Día %d de 7,Día %d de 7,Day %d of 7,第 %d 天 / 7,Jour %d sur 7,اليوم %d من 7,Dia %d de 7,День %d из 7,%d日目 / 7,%d일차 / 7,Tag %d von 7,Giorno %d di 7,Dag %d van 7,दिन %d / 7,দিন %d / ৭,دن %d از 7
Cobrar,Cobrar,Claim,领取,Récupérer,استلام,Resgatar,Забрать,受け取る,받기,Abholen,Riscuoti,Ophalen,पाएँ,নিন,حاصل کریں
Ver anuncio y cobrar el doble,Ver anuncio y cobrar el doble,Watch an ad for double,看广告领双倍,Voir une pub pour le double,شاهد إعلانًا واحصل على الضعف,Ver anúncio e receber o dobro,Реклама — двойной подарок,広告を見て2倍もらう,광고 보고 2배 받기,Werbung ansehen für doppelt,Guarda un annuncio per il doppio,Bekijk advertentie voor dubbel,विज्ञापन देखें और दोगुना पाएँ,বিজ্ঞাপন দেখে দ্বিগুণ নিন,اشتہار دیکھ کر دوگنا لیں
Regalo doble,Regalo doble,Double gift,双倍礼物,Cadeau double,هدية مضاعفة,Presente em dobro,Двойной подарок,2倍のギフト,2배 선물,Doppeltes Geschenk,Regalo doppio,Dubbel cadeau,दोगुना तोहफ़ा,দ্বিগুণ উপহার,دوگنا تحفہ
%d monedas,%d monedas,%d coins,%d 金币,%d pièces,%d عملة,%d moedas,%d монет,%dコイン,%d 코인,%d Münzen,%d monete,%d munten,%d सिक्के,%d কয়েন,%d سکے
%s monedas,%s monedas,%s coins,%s 金币,%s pièces,%s عملة,%s moedas,%s монет,%sコイン,%s 코인,%s Münzen,%s monete,%s munten,%s सिक्के,%s কয়েন,%s سکے
%d vidas,%d vidas,%d lives,%d 条命,%d vies,%d أرواح,%d vidas,%d жизней,%dライフ,%d 목숨,%d Leben,%d vite,%d levens,%d ज़िंदगियाँ,%d জীবন,%d زندگیاں
Ver anuncio: +1 vida,Ver anuncio: +1 vida,Watch an ad: +1 life,看广告：+1 条命,Voir une pub : +1 vie,شاهد إعلانًا: +1 حياة,Ver anúncio: +1 vida,Реклама: +1 жизнь,広告を見る: ライフ+1,광고 보기: 목숨 +1,Werbung: +1 Leben,Guarda un annuncio: +1 vita,Advertentie: +1 leven,विज्ञापन देखें: +1 ज़िंदगी,বিজ্ঞাপন দেখুন: +১ জীবন,اشتہار دیکھیں: +1 زندگی
Una vida más,Una vida más,One more life,再来一条命,Une vie de plus,حياة إضافية,Mais uma vida,Ещё одна жизнь,ライフをもう1つ,목숨 하나 더,Noch ein Leben,Un'altra vita,Nog een leven,एक और ज़िंदगी,আরও একটি জীবন,ایک اور زندگی
Ver anuncio: recompensa x2,Ver anuncio: recompensa x2,Watch an ad: x2 reward,看广告：奖励 x2,Voir une pub : récompense x2,شاهد إعلانًا: مكافأة ×2,Ver anúncio: recompensa x2,Реклама: награда x2,広告を見る: 報酬2倍,광고 보기: 보상 2배,Werbung: x2 Belohnung,Guarda un annuncio: ricompensa x2,Advertentie: x2 beloning,विज्ञापन देखें: इनाम x2,বিজ্ঞাপন দেখুন: পুরস্কার x২,اشتہار دیکھیں: انعام x2
Recompensa doble,Recompensa doble,Double reward,双倍奖励,Récompense double,مكافأة مضاعفة,Recompensa em dobro,Двойная награда,報酬2倍,2배 보상,Doppelte Belohnung,Ricompensa doppia,Dubbele beloning,दोगुना इनाम,দ্বিগুণ পুরস্কার,دوگنا انعام
Ver anuncio: +%d monedas,Ver anuncio: +%d monedas,Watch an ad: +%d coins,看广告：+%d 金币,Voir une pub : +%d pièces,شاهد إعلانًا: +%d عملة,Ver anúncio: +%d moedas,Реклама: +%d монет,広告を見る: %dコイン,광고 보기: 코인 +%d,Werbung: +%d Münzen,Guarda un annuncio: +%d monete,Advertentie: +%d munten,विज्ञापन देखें: +%d सिक्के,বিজ্ঞাপন দেখুন: +%d কয়েন,اشتہار دیکھیں: +%d سکے
Monedas gratis,Monedas gratis,Free coins,免费金币,Pièces gratuites,عملات مجانية,Moedas grátis,Бесплатные монеты,無料コイン,무료 코인,Gratis Münzen,Monete gratis,Gratis munten,मुफ़्त सिक्के,ফ্রি কয়েন,مفت سکے
Comprado,Comprado,Owned,已购买,Acheté,تم الشراء,Comprado,Куплено,購入済み,구매함,Gekauft,Acquistato,Gekocht,खरीदा,কেনা হয়েছে,خریدا گیا
El Huerto de Tomates,El Huerto de Tomates,The Tomato Patch,番茄菜园,Le Potager de Tomates,حقل الطماطم,A Horta de Tomates,Томатный огород,トマト畑,토마토 텃밭,Der Tomatengarten,L'Orto dei Pomodori,De Tomatentuin,टमाटर का बगीचा,টমেটো বাগান,ٹماٹر کا باغ
El Invernadero,El Invernadero,The Greenhouse,温室,La Serre,البيت الزجاجي,A Estufa,Теплица,温室,온실,Das Gewächshaus,La Serra,De Kas,ग्रीनहाउस,গ্রিনহাউস,گرین ہاؤس
La Cueva Subterránea,La Cueva Subterránea,The Underground Cave,地下洞穴,La Grotte Souterraine,الكهف تحت الأرض,A Caverna Subterrânea,Подземная пещера,地下洞窟,지하 동굴,Die Unterirdische Höhle,La Grotta Sotterranea,De Ondergrondse Grot,भूमिगत गुफा,ভূগর্ভস্থ গুহা,زیر زمین غار
El Cultivo Radiactivo,El Cultivo Radiactivo,The Radioactive Crop,辐射农田,La Culture Radioactive,المحصول المشع,A Plantação Radioativa,Радиоактивные посевы,放射能の畑,방사능 농작지,Das Radioaktive Feld,La Coltura Radioattiva,De Radioactieve Akker,रेडियोधर्मी खेत,তেজস্ক্রিয় ফসল,تابکار فصل
El Pantano,El Pantano,The Swamp,沼泽,Le Marais,المستنقع,O Pântano,Болото,沼地,늪지대,Der Sumpf,La Palude,Het Moeras,दलदल,জলাভূমি,دلدل
Laboratorio Mutante,Laboratorio Mutante,Mutant Laboratory,变异实验室,Laboratoire Mutant,مختبر المسوخ,Laboratório Mutante,Лаборатория мутантов,ミュータント研究所,돌연변이 실험실,Mutantenlabor,Laboratorio Mutante,Mutantenlaboratorium,उत्परिवर्ती प्रयोगशाला,মিউট্যান্ট গবেষণাগার,میوٹنٹ لیبارٹری
Fábrica de Cascos,Fábrica de Cascos,Helmet Factory,头盔工厂,Usine de Casques,مصنع الخوذ,Fábrica de Capacetes,Фабрика панцирей,ヘルメット工場,헬멧 공장,Helmfabrik,Fabbrica di Elmetti,Helmfabriek,हेलमेट कारखाना,হেলমেট কারখানা,ہیلمٹ فیکٹری
Red de Túneles Express,Red de Túneles Express,Express Tunnel Network,高速隧道网,Réseau de Tunnels Express,شبكة الأنفاق السريعة,Rede de Túneis Expressa,Сеть скоростных туннелей,高速トンネル網,고속 터널망,Express-Tunnelnetz,Rete di Tunnel Express,Express Tunnelnetwerk,एक्सप्रेस सुरंग जाल,এক্সপ্রেস টানেল নেটওয়ার্ক,ایکسپریس ٹنل نیٹ ورک
El Búnker Enemigo,El Búnker Enemigo,The Enemy Bunker,敌军地堡,Le Bunker Ennemi,مخبأ العدو,O Bunker Inimigo,Вражеский бункер,敵のバンカー,적의 벙커,Der Feindliche Bunker,Il Bunker Nemico,De Vijandelijke Bunker,दुश्मन का बंकर,শত্রুর বাঙ্কার,دشمن کا بنکر
El Núcleo Reina,El Núcleo Reina,The Queen's Core,蚁后核心,Le Noyau de la Reine,نواة الملكة,O Núcleo da Rainha,Ядро Королевы,女王のコア,여왕의 핵심부,Der Königinnenkern,Il Nucleo della Regina,De Koninginnenkern,रानी का केंद्र,রানির কেন্দ্র,ملکہ کا مرکز
Hormiga Ladrona de Diamantes,Hormiga Ladrona de Diamantes,Diamond Thief Ant,钻石窃贼蚂蚁,Fourmi Voleuse de Diamants,نملة سارقة الألماس,Formiga Ladra de Diamantes,Муравей — похититель алмазов,ダイヤ泥棒アリ,다이아몬드 도둑 개미,Diamantdieb-Ameise,Formica Ladra di Diamanti,Diamantdief-Mier,हीरा चोर चींटी,হীরা চোর পিঁপড়া,ہیرا چور چیونٹی
Abejorro Piñata,Abejorro Piñata,Piñata Bumblebee,彩罐大黄蜂,Bourdon Piñata,نحلة البيناتا,Zangão Pinhata,Шмель-пиньята,ピニャータマルハナバチ,피냐타 호박벌,Piñata-Hummel,Calabrone Piñata,Piñata-Hommel,पिनाटा भौंरा,পিনাটা ভোমরা,پنیاٹا بھنورا
Mantis Cronómetro,Mantis Cronómetro,Stopwatch Mantis,秒表螳螂,Mante Chronomètre,سرعوف الميقاتية,Louva-a-Deus Cronômetro,Богомол-хронометр,ストップウォッチカマキリ,스톱워치 사마귀,Stoppuhr-Mantis,Mantide Cronometro,Stopwatch-Bidsprinkhaan,स्टॉपवॉच मैंटिस,স্টপওয়াচ ম্যান্টিস,اسٹاپ واچ مینٹس
Escarabajo Radiactivo,Escarabajo Radiactivo,Radioactive Beetle,辐射甲虫,Scarabée Radioactif,خنفساء مشعة,Besouro Radioativo,Радиоактивный жук,放射能カブトムシ,방사능 딱정벌레,Radioaktiver Käfer,Scarabeo Radioattivo,Radioactieve Kever,रेडियोधर्मी भृंग,তেজস্ক্রিয় গুবরে,تابکار بھونرا
Lombriz Gigante,Lombriz Gigante,Giant Worm,巨型蠕虫,Ver Géant,دودة عملاقة,Minhoca Gigante,Гигантский червь,巨大ミミズ,거대 지렁이,Riesenwurm,Verme Gigante,Reuzenworm,विशाल केंचुआ,দৈত্যাকার কেঁচো,دیو ہیکل کینچوا
Mutagénesis Voladora,Mutagénesis Voladora,Flying Mutagenesis,飞行变异体,Mutagenèse Volante,الطافر الطائر,Mutagênese Voadora,Летающий мутаген,飛行ミュータント,비행 돌연변이,Fliegende Mutagenese,Mutagenesi Volante,Vliegende Mutagenese,उड़ता उत्परिवर्तक,উড়ন্ত মিউটাজেন,اڑتا میوٹاجن
Centella Blindada,Centella Blindada,Armored Spark,装甲闪电虫,Éclair Blindé,الشرارة المدرعة,Centelha Blindada,Бронированная искра,装甲スパーク,장갑 스파크,Gepanzerter Blitz,Scintilla Corazzata,Gepantserde Vonk,बख्तरबंद चिंगारी,বর্মধারী স্ফুলিঙ্গ,بکتر بند چنگاری
Rayo Insecto,Rayo Insecto,Lightning Bug,闪电虫,Insecte Éclair,حشرة البرق,Inseto Relâmpago,Молниеносный жук,ライトニングバグ,번개 벌레,Blitzinsekt,Insetto Fulmine,Bliksemkever,बिजली कीट,বিদ্যুৎ পোকা,بجلی کیڑا
Coraza Antigua,Coraza Antigua,Ancient Carapace,远古甲壳,Carapace Antique,الدرع القديم,Couraça Antiga,Древний панцирь,古代の甲羅,고대 갑각,Uralter Panzer,Corazza Antica,Oud Pantser,प्राचीन कवच,প্রাচীন বর্ম,قدیم خول
Reina Primordial,Reina Primordial,Primordial Queen,始祖蚁后,Reine Primordiale,الملكة البدائية,Rainha Primordial,Первозданная Королева,原初の女王,태초의 여왕,Urzeitliche Königin,Regina Primordiale,Oerkoningin,आदि रानी,আদিম রানি,ازلی ملکہ
Zapato de Oro de la Abuela,Zapato de Oro de la Abuela,Grandma's Golden Shoe,奶奶的黄金鞋,Chaussure d'Or de Mamie,حذاء الجدة الذهبي,Sapato de Ouro da Vovó,Золотой ботинок бабушки,おばあちゃんの金の靴,할머니의 황금 신발,Omas Goldener Schuh,La Scarpa d'Oro della Nonna,Oma's Gouden Schoen,दादी का सुनहरा जूता,ঠাকুমার সোনালি জুতা,دادی کا سنہری جوتا
Frasco,Frasco,Jar,罐子,Bocal,جرة,Pote,Банка,瓶,항아리,Glas,Barattolo,Pot,मर्तबान,বয়াম,مرتبان
+1 de daño por golpe en cada nivel,+1 de daño por golpe en cada nivel,+1 damage per hit at every level,每级每次攻击 +1 伤害,+1 de dégâts par coup à chaque niveau,+1 ضرر لكل ضربة في كل مستوى,+1 de dano por golpe em cada nível,+1 к урону за удар на каждом уровне,各レベルで1打ごとにダメージ+1,레벨마다 타격당 데미지 +1,+1 Schaden pro Treffer auf jeder Stufe,+1 danno per colpo a ogni livello,+1 schade per klap op elk niveau,हर स्तर पर प्रति प्रहार +1 क्षति,প্রতি স্তরে আঘাতপ্রতি +১ ক্ষতি,ہر لیول پر فی ضرب +1 نقصان
+400 de vida en las peleas de jefe,+400 de vida en las peleas de jefe,+400 health in boss fights,首领战中 +400 生命,+400 de vie contre les boss,+400 صحة في معارك الزعماء,+400 de vida nas lutas de chefe,+400 здоровья в боях с боссами,ボス戦で体力+400,보스전에서 체력 +400,+400 Leben in Bosskämpfen,+400 vita negli scontri con i boss,+400 leven bij baasgevechten,बॉस लड़ाई में +400 जीवन,বস যুদ্ধে +৪০০ জীবন,باس لڑائی میں +400 صحت
Aguantás un golpe de cada 3 sin perder corazón,Aguantás un golpe de cada 3 sin perder corazón,You take 1 in 3 hits without losing a heart,每三次受击有一次不掉血,Vous encaissez 1 coup sur 3 sans perdre de cœur,تتحمل ضربة من كل 3 دون خسارة قلب,Você aguenta 1 golpe a cada 3 sem perder coração,Каждый третий удар не отнимает сердце,3回に1回のダメージをハートを失わずに耐える,3번 중 1번은 하트를 잃지 않음,Du hältst jeden 3. Treffer ohne Herzverlust aus,Resisti a 1 colpo su 3 senza perdere un cuore,Je houdt 1 op 3 klappen uit zonder hart te verliezen,हर 3 में से 1 वार बिना दिल गंवाए सहते हैं,প্রতি ৩টির ১টি আঘাত হৃদয় না হারিয়ে সহ্য করেন,ہر 3 میں سے 1 وار بغیر دل کھوئے سہتے ہیں
Los refuerzos del jefe vienen más lentos,Los refuerzos del jefe vienen más lentos,Boss reinforcements arrive slower,首领的援兵来得更慢,Les renforts du boss arrivent plus lentement,تصل تعزيزات الزعيم أبطأ,Os reforços do chefe vêm mais lentos,Подкрепления босса приходят медленнее,ボスの増援が遅くなる,보스의 지원군이 더 느리게 옴,Die Verstärkung des Bosses kommt langsamer,I rinforzi del boss arrivano più lenti,De versterkingen van de baas komen trager,बॉस की मदद धीमी आती है,বসের সাহায্যকারীরা ধীরে আসে,باس کی کمک آہستہ آتی ہے
+10% de golpe crítico (daño doble),+10% de golpe crítico (daño doble),+10% critical hit chance (double damage),+10% 暴击率（双倍伤害）,+10% de coup critique (dégâts doublés),+10% ضربة حاسمة (ضرر مضاعف),+10% de acerto crítico (dano dobrado),+10% к шансу крита (двойной урон),クリティカル率+10%（ダメージ2倍）,치명타 확률 +10% (데미지 2배),+10% kritischer Treffer (doppelter Schaden),+10% colpo critico (danno doppio),+10% kritieke treffer (dubbele schade),+10% क्रिटिकल हिट (दोगुनी क्षति),+১০% ক্রিটিক্যাল হিট (দ্বিগুণ ক্ষতি),+10% کریٹیکل ہٹ (دوگنا نقصان)
+15% de monedas al terminar el nivel,+15% de monedas al terminar el nivel,+15% coins when you finish the level,通关时 +15% 金币,+15% de pièces à la fin du niveau,+15% عملات عند إنهاء المستوى,+15% de moedas ao terminar o nível,+15% монет за прохождение уровня,レベルクリア時にコイン+15%,레벨 완료 시 코인 +15%,+15% Münzen beim Abschluss des Levels,+15% monete al termine del livello,+15% munten bij het voltooien van het level,स्तर पूरा करने पर +15% सिक्के,স্তর শেষে +১৫% কয়েন,لیول مکمل کرنے پر +15% سکے
+5 segundos de nivel,+5 segundos de nivel,+5 seconds of level time,关卡时间 +5 秒,+5 secondes de niveau,+5 ثوانٍ للمستوى,+5 segundos de nível,+5 секунд к уровню,レベル時間+5秒,레벨 시간 +5초,+5 Sekunden Levelzeit,+5 secondi di livello,+5 seconden speeltijd,स्तर का समय +5 सेकंड,স্তরের সময় +৫ সেকেন্ড,لیول کا وقت +5 سیکنڈ
Más radio de golpe: errarle cuesta más,Más radio de golpe: errarle cuesta más,Bigger hit radius: harder to miss,更大的攻击范围：更难打空,Rayon de frappe plus large : plus dur de rater,نطاق ضرب أكبر: يصعب الإخفاق,Maior raio de golpe: fica mais difícil errar,Больше радиус удара: сложнее промахнуться,攻撃範囲が広がり、外しにくくなる,타격 범위 증가: 빗나가기 어려움,Größerer Trefferradius: schwerer zu verfehlen,Raggio di colpo più ampio: più difficile mancare,Grotere trefstraal: moeilijker te missen,बड़ा प्रहार दायरा: चूकना मुश्किल,বড় আঘাতের পরিধি: মিস করা কঠিন,بڑا ضرب دائرہ: چوکنا مشکل
Frena el tiempo unos segundos,Frena el tiempo unos segundos,Slows time for a few seconds,短暂减缓时间,Ralentit le temps quelques secondes,يبطئ الوقت لبضع ثوانٍ,Freia o tempo por alguns segundos,Замедляет время на несколько секунд,数秒間、時間を遅くする,몇 초 동안 시간을 늦춤,Verlangsamt die Zeit für ein paar Sekunden,Rallenta il tempo per qualche secondo,Vertraagt de tijd een paar seconden,कुछ सेकंड के लिए समय धीमा करता है,কয়েক সেকেন্ডের জন্য সময় ধীর করে,چند سیکنڈ کے لیے وقت سست کرتا ہے
El próximo golpe abarca muchísimo más,El próximo golpe abarca muchísimo más,Your next hit covers a much wider area,下一击的范围大得多,Le prochain coup couvre bien plus large,الضربة التالية تغطي مساحة أوسع بكثير,O próximo golpe abrange muito mais,Следующий удар накрывает намного больше,次の一撃の範囲が大幅に広がる,다음 타격의 범위가 훨씬 넓어짐,Der nächste Schlag deckt viel mehr ab,Il prossimo colpo copre molto di più,De volgende klap bestrijkt veel meer,अगला प्रहार कहीं ज़्यादा क्षेत्र लेता है,পরের আঘাত অনেক বেশি এলাকা ঢাকে,اگلی ضرب بہت زیادہ علاقہ لیتی ہے
Un rayo golpea a TODOS los insectos en pantalla,Un rayo golpea a TODOS los insectos en pantalla,Lightning strikes EVERY insect on screen,闪电击中屏幕上所有昆虫,La foudre frappe TOUS les insectes à l'écran,صاعقة تضرب كل الحشرات على الشاشة,Um raio atinge TODOS os insetos na tela,Молния бьёт по ВСЕМ насекомым на экране,画面上のすべての虫に雷が落ちる,화면의 모든 벌레에 번개가 내리침,Ein Blitz trifft ALLE Insekten auf dem Bildschirm,Un fulmine colpisce TUTTI gli insetti sullo schermo,Bliksem raakt ALLE insecten op het scherm,बिजली स्क्रीन के सभी कीड़ों पर गिरती है,বজ্র পর্দার সব পোকাকে আঘাত করে,بجلی اسکرین کے تمام کیڑوں پر گرتی ہے
"Quema todo lo que haya alrededor, y sigue quemando","Quema todo lo que haya alrededor, y sigue quemando","Burns everything around, and keeps burning",烧毁周围一切，并持续燃烧,"Brûle tout autour, et continue de brûler",يحرق كل ما حوله ويستمر في الاشتعال,Queima tudo ao redor e continua queimando,Сжигает всё вокруг и продолжает гореть,周囲をすべて焼き、燃え続ける,주변을 모두 태우고 계속 탐,Verbrennt alles ringsum und brennt weiter,Brucia tutto intorno e continua a bruciare,Verbrandt alles eromheen en blijft branden,आसपास सब कुछ जलाता है और जलता रहता है,চারপাশের সব পুড়িয়ে দেয় এবং জ্বলতে থাকে,ارد گرد سب کچھ جلاتا ہے اور جلتا رہتا ہے
Te perdona fallos sin cortarte el combo,Te perdona fallos sin cortarte el combo,Forgives misses without breaking your combo,失手不会中断连击,Pardonne les ratés sans casser le combo,يتغاضى عن الإخفاقات دون كسر السلسلة,Perdoa erros sem cortar o combo,"Прощает промахи, не сбивая серию",ミスしてもコンボが途切れない,실수해도 콤보가 끊기지 않음,"Verzeiht Fehlschläge, ohne die Combo zu brechen",Perdona gli errori senza spezzare la combo,Vergeeft missers zonder je combo te breken,"चूक माफ करता है, कॉम्बो नहीं टूटता","মিস ক্ষমা করে, কম্বো ভাঙে না",چوک معاف کرتا ہے، کومبو نہیں ٹوٹتا
Más daño por golpe,Más daño por golpe,More damage per hit,每击伤害更高,Plus de dégâts par coup,ضرر أكبر لكل ضربة,Mais dano por golpe,Больше урона за удар,1打あたりのダメージ増加,타격당 데미지 증가,Mehr Schaden pro Treffer,Più danno per colpo,Meer schade per klap,प्रति प्रहार अधिक क्षति,আঘাতপ্রতি বেশি ক্ষতি,فی ضرب زیادہ نقصان
Más monedas por insecto,Más monedas por insecto,More coins per insect,每只昆虫更多金币,Plus de pièces par insecte,عملات أكثر لكل حشرة,Mais moedas por inseto,Больше монет за насекомое,虫1匹あたりのコイン増加,벌레당 코인 증가,Mehr Münzen pro Insekt,Più monete per insetto,Meer munten per insect,प्रति कीट अधिक सिक्के,পোকাপ্রতি বেশি কয়েন,فی کیڑا زیادہ سکے
Mayor radio de golpe,Mayor radio de golpe,Bigger hit radius,更大的攻击半径,Rayon de frappe plus grand,نطاق ضرب أوسع,Maior raio de golpe,Больший радиус удара,攻撃範囲が拡大,타격 범위 증가,Größerer Trefferradius,Raggio di colpo maggiore,Grotere trefstraal,बड़ा प्रहार दायरा,বড় আঘাতের পরিধি,بڑا ضرب دائرہ
¡PERFECCIÓN EN EL HUERTO!,¡PERFECCIÓN EN EL HUERTO!,PERFECT HARVEST!,菜园零失误！,POTAGER PARFAIT !,إتقان في الحديقة!,PERFEIÇÃO NA HORTA!,ИДЕАЛЬНЫЙ ОГОРОД!,畑は完璧！,완벽한 텃밭!,PERFEKTER GARTEN!,ORTO PERFETTO!,PERFECTE TUIN!,बगीचे में सम्पूर्णता!,বাগানে নিখুঁত!,باغ میں کمال!
¡NI UNO SE ESCAPÓ!,¡NI UNO SE ESCAPÓ!,NOT ONE GOT AWAY!,一只都没跑掉！,PAS UN N'A ÉCHAPPÉ !,لم يفلت أي واحد!,NENHUM ESCAPOU!,НИ ОДИН НЕ УШЁЛ!,一匹も逃さない！,한 마리도 못 도망쳤다!,KEINER IST ENTKOMMEN!,NON NE È SCAPPATO UNO!,GEEN ÉÉN ONTSNAPT!,एक भी नहीं बचा!,একটিও পালায়নি!,ایک بھی نہ بچا!
¡SIN FALLAR UNA!,¡SIN FALLAR UNA!,NOT A SINGLE MISS!,一次都没失手！,SANS UN SEUL RATÉ !,دون أي إخفاق!,SEM ERRAR NENHUMA!,БЕЗ ЕДИНОГО ПРОМАХА!,ミスなし！,단 한 번도 안 놓쳤다!,KEIN EINZIGER FEHLSCHLAG!,NEANCHE UN ERRORE!,GEEN ENKELE MISSER!,एक भी चूक नहीं!,একটিও মিস নয়!,ایک بھی چوک نہیں!
¡EL HUERTO RESPIRA!,¡EL HUERTO RESPIRA!,THE GARDEN BREATHES!,菜园喘口气了！,LE POTAGER RESPIRE !,الحديقة تتنفس!,A HORTA RESPIRA!,ОГОРОД ДЫШИТ!,畑が息をついた!,텃밭이 숨을 쉰다!,DER GARTEN ATMET AUF!,L'ORTO RESPIRA!,DE TUIN HERADEMT!,बगीचा साँस ले रहा है!,বাগান শ্বাস নিচ্ছে!,باغ سانس لے رہا ہے!
¡ZONA DESPEJADA!,¡ZONA DESPEJADA!,AREA CLEARED!,区域已清空！,ZONE DÉGAGÉE !,المنطقة خالية!,ÁREA LIMPA!,ЗОНА ЗАЧИЩЕНА!,エリア制圧！,구역 정리 완료!,GEBIET GERÄUMT!,ZONA LIBERATA!,GEBIED SCHOON!,क्षेत्र साफ!,এলাকা পরিষ্কার!,علاقہ صاف!
¡BUENA MANO!,¡BUENA MANO!,NICE WORK!,身手不错！,BELLE MAIN !,يد بارعة!,BOA MÃO!,ОТЛИЧНАЯ РАБОТА!,いい腕だ！,솜씨 좋다!,GUT GEMACHT!,BELLA MANO!,GOED GEDAAN!,बढ़िया हाथ!,চমৎকার হাত!,اچھا ہاتھ!
¡NIVEL SUPERADO!,¡NIVEL SUPERADO!,LEVEL CLEARED!,关卡通过！,NIVEAU TERMINÉ !,تم اجتياز المستوى!,NÍVEL CONCLUÍDO!,УРОВЕНЬ ПРОЙДЕН!,レベルクリア！,레벨 통과!,LEVEL GESCHAFFT!,LIVELLO SUPERATO!,LEVEL VOLTOOID!,स्तर पार!,স্তর পার!,لیول مکمل!
¡AHÍ ESTÁ!,¡AHÍ ESTÁ!,THERE IT IS!,就是这样！,ET VOILÀ !,ها هو ذا!,AÍ ESTÁ!,ВОТ ТАК!,やったな！,바로 그거야!,DA HABEN WIR'S!,ECCOLO!,DAAR IS IE!,ये हुई बात!,এইতো হলো!,یہ ہوئی بات!
¡UNO MENOS!,¡UNO MENOS!,ONE DOWN!,又少一个！,UN DE MOINS !,واحد أقل!,MENOS UM!,ОДНИМ МЕНЬШЕ!,一つ片付いた！,하나 해치웠다!,EINER WENIGER!,UNO IN MENO!,EENTJE MINDER!,एक कम!,একটা কমল!,ایک کم!
¡ESE NO VUELVE!,¡ESE NO VUELVE!,THAT ONE'S NOT COMING BACK!,这家伙回不来了！,CELUI-LÀ NE REVIENDRA PAS !,هذا لن يعود!,ESSE NÃO VOLTA!,ЭТОТ БОЛЬШЕ НЕ ВЕРНЁТСЯ!,こいつはもう来ない！,이놈은 다시 안 온다!,DER KOMMT NICHT WIEDER!,QUELLO NON TORNA!,DIE KOMT NIET TERUG!,ये अब नहीं लौटेगा!,এটা আর ফিরবে না!,یہ اب نہیں لوٹے گا!
¡SE TERMINÓ!,¡SE TERMINÓ!,IT'S OVER!,结束了！,C'EST FINI !,انتهى الأمر!,ACABOU!,ВСЁ КОНЧЕНО!,終わりだ！,끝났다!,VORBEI!,È FINITA!,HET IS VOORBIJ!,खत्म!,শেষ!,ختم!
¡LE GANASTE!,¡LE GANASTE!,YOU BEAT IT!,你赢了它！,TU L'AS BATTU !,لقد هزمته!,VOCÊ VENCEU!,ТЫ ПОБЕДИЛ!,勝った！,이겼다!,DU HAST IHN BESIEGT!,L'HAI BATTUTO!,JE HEBT 'M VERSLAGEN!,तुमने हरा दिया!,তুমি হারিয়ে দিলে!,تم نے ہرا دیا!
¡ESTA VEZ NO!,¡ESTA VEZ NO!,NOT THIS TIME!,这次不行！,PAS CETTE FOIS !,ليس هذه المرة!,DESTA VEZ NÃO!,НЕ В ЭТОТ РАЗ!,今回はダメだ！,이번엔 아니야!,DIESMAL NICHT!,NON STAVOLTA!,DEZE KEER NIET!,इस बार नहीं!,এবার নয়!,اس بار نہیں!
¡TE GANÓ!,¡TE GANÓ!,IT BEAT YOU!,它赢了你！,IL T'A EU !,لقد هزمك!,ELE TE VENCEU!,ОН ТЕБЯ ОДОЛЕЛ!,やられた！,당했다!,ER HAT DICH BESIEGT!,TI HA BATTUTO!,HIJ HEEFT JE VERSLAGEN!,उसने हरा दिया!,সে হারিয়ে দিল!,اس نے ہرا دیا!
¡SE TE ESCAPÓ!,¡SE TE ESCAPÓ!,IT GOT AWAY!,让它跑了！,IL S'EST ÉCHAPPÉ !,لقد أفلت منك!,ESCAPOU DE VOCÊ!,ОН УШЁЛ!,逃げられた！,놓쳤다!,ER IST ENTKOMMEN!,TI È SCAPPATO!,HIJ IS ONTSNAPT!,वो निकल गया!,পালিয়ে গেল!,وہ نکل گیا!
Medalla de Huerto Perfecto,Medalla de Huerto Perfecto,Perfect Garden Medal,完美菜园勋章,Médaille du Potager Parfait,ميدالية الحديقة المثالية,Medalha de Horta Perfeita,Медаль идеального огорода,完璧な畑のメダル,완벽한 텃밭 메달,Medaille für den perfekten Garten,Medaglia dell'Orto Perfetto,Medaille Perfecte Tuin,सम्पूर्ण बगीचा पदक,নিখুঁত বাগান পদক,کامل باغ تمغہ
Medalla de Buena Mano,Medalla de Buena Mano,Steady Hand Medal,好身手勋章,Médaille de la Main Sûre,ميدالية اليد البارعة,Medalha de Boa Mão,Медаль твёрдой руки,good腕前のメダル,좋은 솜씨 메달,Medaille für ruhige Hand,Medaglia della Mano Ferma,Medaille Vaste Hand,कुशल हाथ पदक,দক্ষ হাত পদক,ماہر ہاتھ تمغہ
Medalla de Jardinero,Medalla de Jardinero,Gardener Medal,园丁勋章,Médaille du Jardinier,ميدالية البستاني,Medalha de Jardineiro,Медаль садовника,園芸家のメダル,정원사 메달,Gärtner-Medaille,Medaglia del Giardiniere,Tuinier-medaille,माली पदक,মালী পদক,مالی تمغہ
Sin medalla esta vez,Sin medalla esta vez,No medal this time,这次没有勋章,Pas de médaille cette fois,لا ميدالية هذه المرة,Sem medalha desta vez,В этот раз без медали,今回はメダルなし,이번엔 메달 없음,Diesmal keine Medaille,Nessuna medaglia stavolta,Deze keer geen medaille,इस बार पदक नहीं,এবার পদক নেই,اس بار تمغہ نہیں
"No erraste ni un golpe. ¡Así se hace, maestro jardinero!","No erraste ni un golpe. ¡Así se hace, maestro jardinero!","Not a single miss. That's how it's done, master gardener!",一击未失。这才是园艺大师！,"Pas un seul raté. C'est comme ça qu'on fait, maître jardinier !",لم تخطئ ولا ضربة. هكذا يكون البستاني الماهر!,"Não errou nenhum golpe. É assim que se faz, mestre jardineiro!","Ни одного промаха. Вот так, мастер-садовник!",一度も外さなかった。さすが園芸の達人！,한 번도 놓치지 않았다. 과연 정원의 달인!,"Kein einziger Fehlschlag. So macht man das, Meistergärtner!","Non hai sbagliato un colpo. Così si fa, mastro giardiniere!","Geen enkele misser. Zo doe je dat, meestertuinier!",एक भी वार नहीं चूका। यही है असली माली!,একটিও আঘাত মিস হয়নি। এইতো আসল মালী!,ایک بھی وار نہ چوکا۔ یہی ہے اصل مالی!
Cadena larga. Se te está dando.,Cadena larga. Se te está dando.,Long chain. You're getting the hang of it.,连击够长，你上手了。,Longue série. Tu prends le coup.,سلسلة طويلة. بدأت تتقن اللعبة.,Sequência longa. Você está pegando o jeito.,Длинная серия. У тебя получается.,長い連鎖。コツをつかんできたな。,긴 연속타. 감을 잡았구나.,Lange Kette. Du kriegst den Dreh raus.,Catena lunga. Ci stai prendendo la mano.,Lange reeks. Je krijgt het door.,लंबी शृंखला। तुम्हें आ रहा है।,লম্বা ধারা। তুমি রপ্ত করছ।,لمبی زنجیر۔ تمہیں آ رہا ہے۔
Prolijo. Un poco más de racha y volás.,Prolijo. Un poco más de racha y volás.,Tidy. A bit more streak and you'll fly.,干净利落。再多点连击就起飞了。,Propre. Encore un peu de série et tu décolles.,أداء نظيف. سلسلة أطول قليلاً وستنطلق.,Caprichado. Um pouco mais de sequência e você voa.,Аккуратно. Ещё немного серии — и полетишь.,きれいだ。もう少し連鎖が続けば一気に伸びる。,깔끔하다. 연속타가 조금만 더 붙으면 날아오른다.,Sauber. Noch etwas mehr Serie und du fliegst.,Pulito. Ancora un po' di serie e voli.,Netjes. Nog wat meer reeks en je vliegt.,साफ-सुथरा। थोड़ी और लय और तुम उड़ोगे।,পরিপাটি। আরেকটু ধারা হলেই উড়বে।,ستھرا۔ تھوڑی اور لے اور تم اڑو گے۔
"Salió, pero te costó. Encadená más golpes.","Salió, pero te costó. Encadená más golpes.","You made it, but it was rough. Chain more hits.",过了，但很吃力。多打连击。,"Ça passe, mais c'était dur. Enchaîne plus de coups.",نجحت، لكن بصعوبة. اربط ضربات أكثر.,"Saiu, mas custou. Encadeie mais golpes.","Прошёл, но с трудом. Собирай серии подлиннее.",クリアしたが苦戦したな。もっと連続で当てよう。,통과했지만 힘들었다. 연속으로 더 맞혀 보자.,"Geschafft, aber knapp. Verkette mehr Treffer.","Ce l'hai fatta, ma a fatica. Concatena più colpi.","Gelukt, maar met moeite. Rijg meer klappen aaneen.","हो गया, पर मुश्किल से। और वार जोड़ो।","হলো, তবে কষ্টে। আরও আঘাত জুড়ো।",ہو گیا، مگر مشکل سے۔ مزید وار جوڑو۔
